osm_id,osm_type,health_facility_type,access,staff_count_nurses,operator_type,toilets_disposal,health_facility_bed,opening_hours,operator,medical_system_western,status,toilets_handwashing,health_facility_level,staff_count_doctors,name,amenity,longitude,latitude,geom_type
12657686383,nodes,,,,,,,,,,,,,,عيادة د.توث,dentist,43.483012,25.8849467,POINT
7494477280,nodes,,,,,,,,,,,,,,صيدلية,pharmacy,44.211,25.8709,POINT
12616556920,nodes,,,,,,,,,,,,,,مركز الرعاية الصحية الأولية حي الحوطة,hospital,43.5166864,25.8578477,POINT
12660768674,nodes,,,,,,,,,,,,,,صيدلية زاوية دلتا,pharmacy,43.5060835,25.8587742,POINT
7045210641,nodes,,,,,,,,,,,,,,صيدلية عادل,pharmacy,44.2114082,26.7705557,POINT
4526549790,nodes,,,,,,,Mo-Su 08:00-16:00,,,,,,,مركز اشبيليا,clinic,46.7897999,24.799636,POINT
3878589720,nodes,,,,,,,,,,,,,,,pharmacy,46.783317,24.7998508,POINT
3835888339,nodes,,,,,,,,,,,,,,,pharmacy,46.7842406,24.799889,POINT
4227738390,nodes,,,,,,,,,,,,,,مستوصف اليرموك,hospital,46.7908317,24.8103493,POINT
3835887057,nodes,,,,,,,,,,,,,,صيدلية السعودية,pharmacy,46.7789298,24.8084886,POINT
5172454621,nodes,,,,,,,,,,,,,,مستوصف الطب العالمي,hospital,47.2707405,24.1499125,POINT
7954502588,nodes,,,,,,,,,,,,,,,pharmacy,47.1362805,23.9847062,POINT
4512256794,nodes,,,,,,,,,,,,,,صيدلية أستاذ العلاج,pharmacy,47.1307965,23.9958325,POINT
4547254091,nodes,,,,,,,,,,,,,,,hospital,47.1319433,23.9953378,POINT
4509127289,nodes,,,,,,,,,,,,,,صيدلية لؤلؤة الحياة,pharmacy,47.1368551,23.995889,POINT
4510545102,nodes,,,,,,,,,,,,,,العيادات المتقدمة للأسنان,clinic,47.1384456,23.9975907,POINT
4129960497,nodes,,,,,,,,,,,,,,مجمع طب الاسرة 2,hospital,46.7280761,24.6100189,POINT
4244291528,nodes,,,,,,,,,,,,,,مستشفى الفلاح,hospital,46.7292391,24.6191751,POINT
4222916990,nodes,,,,,,,,,,,,,,صيدلية همول,pharmacy,46.7927719,24.8065203,POINT
1354660020,nodes,,,,,,,,,,,,,,,hospital,46.864015,24.5833126,POINT
3188163430,nodes,,,,,,,,,,,,,,,pharmacy,46.8366069,24.569978,POINT
4103405391,nodes,,,,,,,24/7,,,,,,,مستشفى الجزيرة,pharmacy,46.847342,24.7140872,POINT
4112067295,nodes,,,,,,,,,,,,,,مستوصف الشمال الطبي,clinic,46.8476305,24.7335576,POINT
9561951466,nodes,,,,,,,,,,,,,,مستشفى الحرس,hospital,46.8539965,24.7497124,POINT
4141275189,nodes,,,,,,,24/7,,,,,,,صيدلية مريم,pharmacy,46.8454267,24.7456774,POINT
4314158490,nodes,,,,,,,,,,,,,,jmcim ace,clinic,46.8463748,24.7488786,POINT
4112067294,nodes,,,,,,,,,,,,,,مركز فيتامين الطبي,clinic,46.8306893,24.7370258,POINT
3836045258,nodes,,,,,,,,,,,,,,,pharmacy,46.7713123,24.825449,POINT
4608145391,nodes,,,,,,,"Su-We 09:00-22:00; Th 09:00-16:00",,,,,,,المستشفى الجامعي لكلية الرياض لطب الاسنان والصيدلة,dentist,46.782434,24.8206595,POINT
672714897,nodes,,,,,,,,,,,,,,,pharmacy,46.6873923,24.6899388,POINT
4693900090,nodes,,,,,,,Sa-Th,,,,,,,مركز الصحي عسير,hospital,46.698579,24.6138392,POINT
4325688193,nodes,,,,,,,,,,,,,,مجمع الوطن الطبي,clinic,46.7111626,24.6054567,POINT
4576041993,nodes,,,,,,,24/7,,,,,,,مستوصف حراء الطبي,hospital,46.7029077,24.6035617,POINT
4222319390,nodes,,,,,,,,,,,,,,,hospital,46.7020164,24.6018367,POINT
4300430789,nodes,,,,,,,,,,,,,,Hammadi suwadi,hospital,46.7030747,24.6022144,POINT
4883439121,nodes,,,,,,,,,,,,,,مستوصف الخليجي الطبي بشبرا,hospital,46.6798455,24.5859269,POINT
9837754217,nodes,,,,,,,Su-Th 08:00-16:00,,,,,,,مركز صحي الإزدهار,clinic,46.7170071,24.785449,POINT
10713608705,nodes,,,,,,,,,,,,,,صيدلية آدن,pharmacy,46.6859123,24.8052554,POINT
7954502486,nodes,,,,,,,,,,,,,,,hospital,46.893213,23.5039111,POINT
4266922595,nodes,,,,,,,,,,,,,,مركز العناية للاسنان,dentist,46.5549546,24.64866,POINT
7412574085,nodes,,,,,,,,,,,,,,عيادات أصداء الصحة الطبي,clinic,46.5369782,24.6363365,POINT
6333454117,nodes,,,,,,,,,,,,,,,pharmacy,46.5747339,24.6533808,POINT
11385783353,nodes,,,,,,,Mo-Sa 07:00-03:00,,,,,,,صيدلية وايتس,pharmacy,46.6553315,24.8233745,POINT
9570442111,nodes,,,,,,,7:00-3:00,Aldawa,,,,,,,pharmacy,46.6903585,24.7994956,POINT
12376475403,nodes,,,,,,,,,,,,,,الدواء 520,pharmacy,46.116139,25.1165403,POINT
7440135189,nodes,,,,,,,,,,,,,,صيدلية الدواء,pharmacy,46.1162,25.1165,POINT
11978000596,nodes,,,,,,,,,,,,,,مجمع العارض الطبي,clinic,46.6751099,24.6152545,POINT
7358402023,nodes,,,,,,,,,,,,,,صيدلية الدواء,pharmacy,45.3503,26.5091,POINT
6834328901,nodes,,,,,,,,,,,,,,alhabib hospital,hospital,46.5873739,24.8629022,POINT
7801373003,nodes,,,,,,,,,,,,,,وايت كلينيك,clinic,46.6469927,24.8113146,POINT
11987046656,nodes,,,,,,,"Mo-Th,Sa-Su 07:00-01:00; Fr 14:00-22:00",,,,,,,Biolab,doctors,46.614935,24.807653,POINT
7801345025,nodes,,,,,,,,,,,,,,أضواء الإبتسامة,dentist,46.6286808,24.8125323,POINT
7801345069,nodes,,,,,,,,,,,,,,مركز فيتامين الطبي,clinic,46.6325151,24.8141382,POINT
4308165989,nodes,,,,,,,,,,,,,,صيدلية الدواء,pharmacy,46.692815,24.585964,POINT
5361638021,nodes,,,,,,,,,,,,,,صيدلية السقاف,pharmacy,46.6844956,24.5978039,POINT
6168993896,nodes,,,,,,,,,,,,,,مستشفى الملك عبدالعزيز الجامعي,clinic,46.7200284,24.6614297,POINT
4681231793,nodes,,,,,,,,,,,,,,,hospital,46.7171387,24.6640318,POINT
4142843895,nodes,,,,,,,,,,,,,,صيدلية المتحدة,pharmacy,46.708814,24.6378643,POINT
672612225,nodes,,,,,,,,,,,,,,Al Nokhba Clinics,hospital,46.6899776,24.6994716,POINT
689562483,nodes,,,,,,,,,,,,,,Al Nokhba Pharmacy,pharmacy,46.6901493,24.699569,POINT
6685537807,nodes,,,,,,,,,,,,,,مبنى العيادات الخارجية,hospital,46.6775189,24.6714995,POINT
6685537810,nodes,,,,,,,,,,,,,,البرج الشمالي,hospital,46.6753844,24.671922,POINT
13572520606,nodes,,,,,,,,,,,,,,whites,pharmacy,46.6038357,24.7415819,POINT
10855919260,nodes,,,,,,,,,,,,,,صيدلية النهدي,pharmacy,46.6473816,24.787704,POINT
13154170706,nodes,,,,,,,,,,,,,,zahrat alrawdah pharmacy,pharmacy,46.6582367,24.7567639,POINT
13168547965,nodes,,,,,,,,,,,,,,صيدلية ربى المصيف الطبية,pharmacy,46.682842,24.7657969,POINT
13168547966,nodes,,,,,,,,,,,,,,صيدلية زهرة الروضة,pharmacy,46.6842652,24.7630047,POINT
2999668498,nodes,,,,,,,,,,,,,,مركز الرعاية الصحية الأولية بالبديع,hospital,46.562062,22.0272505,POINT
6591379374,nodes,,,,,,,,,,,,,,مستشفى د.سليمان الحبيب,hospital,46.6766773,24.7043587,POINT
4183796897,nodes,,,,,,,,,,,,,,مجمع نون الطبي Noon Medical Clinic,clinic,46.6511806,24.6896885,POINT
7798231550,nodes,,,,,,,,,,,,,,صيدلية اورنج,pharmacy,46.6657834,24.7377193,POINT
4796434721,nodes,,,,,,,,,,,,,,مركز الرعاية الصحيه بالنويعمة,hospital,44.8460303,20.4537179,POINT
7227584111,nodes,,,,,,,,,,,,,,مستوصف المعاودة لطب الاسنان,hospital,44.8045,20.4607,POINT
4781746022,nodes,,,,,,,,,,,,,,مركز صحي,hospital,46.5402127,24.5623363,POINT
7535718954,nodes,,,,,,,,,,,,,,صيدلية النهدي,pharmacy,44.4163,24.5188,POINT
5245380084,nodes,,,,,,,,,,,,,,Kunooz Alseha,pharmacy,46.6052453,24.6925044,POINT
4419071996,nodes,,,,,,,,,,,,,,,pharmacy,46.6231941,24.6733321,POINT
4513813889,nodes,,,,,,,,,,,,,,,pharmacy,46.6069894,24.6301338,POINT
4513802890,nodes,,,,,,,,,,,,,,,pharmacy,46.6118416,24.6319024,POINT
7801373164,nodes,,,,,,,,,,,,,,عيادات الماسي,clinic,46.6431455,24.7985455,POINT
10704001706,nodes,,,,,,,,,,,,,,صيدلية ليمون,pharmacy,46.6514677,24.7715507,POINT
7490889651,nodes,,,,,,,,,,,,,,صيدلية النهدي,pharmacy,43.6775,24.6756,POINT
7341098293,nodes,,,,,,,,,,,,,,مركز صحي,clinic,43.1308,24.753,POINT
7342609007,nodes,,,,,,,,,,,,,,صيدلية,pharmacy,42.9312,24.7158,POINT
7342612721,nodes,,,,,,,,,,,,,,صيدلية,pharmacy,42.9303,24.7156,POINT
10881672527,nodes,,,,,,,,,,,,,,,pharmacy,46.6693133,24.808452,POINT
10881642455,nodes,,,,,,,,,,,,,,صيدلية النهدي,pharmacy,46.6745752,24.8001127,POINT
7236262103,nodes,,,,,,,,,,,,,,مستشفى البجادية العام,hospital,43.7650593,24.3051151,POINT
1819663039,nodes,,,,,,,,,,,,,,صيدلية أطلس,pharmacy,46.6665784,24.5867818,POINT
5368949223,nodes,,,,,,,,,,,,,,صيدلية بيت الصحة,pharmacy,46.6582244,24.5813052,POINT
4576160390,nodes,,,,,,,,,,,,,,صيدلية كاريزما,pharmacy,46.6689947,24.5760285,POINT
6263329083,nodes,,,,,,,,,,,,,,صيدلية أركان الرياض الرابعة,pharmacy,46.6146292,24.6012791,POINT
6591379355,nodes,,,,,,,,,,,,,,مستشفى د.سليمان الحبيب,hospital,46.6569223,24.7191157,POINT
4547254891,nodes,,,,,,,,,,,,,,,hospital,46.7104187,24.6326975,POINT
3358864934,nodes,,,,,,,,,,,,,,,clinic,46.2090413,24.9912678,POINT
4325375298,nodes,,,,,,,,,,,,,,مستوصف حكومي,hospital,46.5904055,24.7779808,POINT
7440135188,nodes,,,,,,,,,,,,,,مستشفى حريملاء العام,hospital,46.1102,25.1136,POINT
9024025117,nodes,,,,,,,24/7,,,,,,,,hospital,45.5842061,20.4583196,POINT
4869593322,nodes,,,,,,,,,,,,,,مستشفى العسكري,hospital,44.7523,20.4600558,POINT
8998741817,nodes,,,,,,,Mo-Su 15:00-22:00,,,,,,,,pharmacy,44.7867175,20.4712135,POINT
8093262518,nodes,,,,,,,24/7,,,,,,,,hospital,44.7399905,20.4548154,POINT
2632155107,nodes,,,,,,,,,,,,,,,hospital,44.739824,20.4552265,POINT
7321110104,nodes,,,,,,,,,,,,,,Future Medical Center,clinic,46.7049682,24.7444413,POINT
676561424,nodes,,,,,,,,,,,,,,Al Kurdi,pharmacy,46.689993,24.728094,POINT
11049055086,nodes,,,,private,,,,مجمع عيادات الموعد الطبي,,,,,,Almawed Medical Center,hospital,46.6888815,24.7277116,POINT
7343448513,nodes,,,,,,,,,,,,,,مركز صحي,clinic,47.3332193,26.51702,POINT
7340965270,nodes,,,,,,,,,,,,,,صيدلية,pharmacy,43.6143,25.3565,POINT
7340923436,nodes,,,,,,,,,,,,,,صيدلية سلامتك,pharmacy,43.6148,25.3577,POINT
12584340638,nodes,,,,,,,,,,,,,,مركز صحي الجريف,hospital,43.5088012,25.8732614,POINT
12580989844,nodes,,,,,,,,,,,,,,صيدلية المتحدة,pharmacy,43.5236477,25.8749412,POINT
10879661018,nodes,,,,,,,,,,,,,,,pharmacy,46.6736102,24.8013216,POINT
4680005489,nodes,,,,,,,,,,,,,,مركز صحي السبعان,clinic,41.9771059,27.034327,POINT
5238420219,nodes,,,,,,,,,,,,,,صيدلية ضليع رشيد الثانية,pharmacy,42.8524706,25.5045343,POINT
5238388882,nodes,,,,,,,,,,,,,,صيدلية ضليع رشيد الأولى,pharmacy,42.8441047,25.504754,POINT
12603408426,nodes,,,,,,,,,,,,,,صيدلية عادل,pharmacy,43.4971564,25.870876,POINT
12566087024,nodes,,,,,,,,,,,,,,صيدلية الرازي,pharmacy,43.4959974,25.860304,POINT
4986708825,nodes,,,,,,,,,,,,,,مستوصف عقلة بن داني,hospital,42.0691912,26.7839163,POINT
7029417034,nodes,,,,,,,,,,,,,,مستشفى سميراء العام,hospital,42.1183943,26.4956723,POINT
7471897182,nodes,,,,,,,,,,,,,,صيدلية,pharmacy,42.9952,27.4754,POINT
12569679222,nodes,,,,,,,,,,,,,,صيدلية ميم,pharmacy,43.4887312,25.8666041,POINT
12556977284,nodes,,,,,,,,,,,,,,صيدلية النهدي,pharmacy,43.4838332,25.8657187,POINT
6904865237,nodes,,,,,,,,,,,,,,مستشفى الفريح,hospital,43.9824368,26.3171557,POINT
4507852391,nodes,,,,,,,,,,,,,,مستوصف العجاجي لطب الأسنان,clinic,43.9613458,26.3252709,POINT
6893614940,nodes,,,,,,,,,,,,,,العجاجي لطب الاسنان,hospital,43.961376,26.3260136,POINT
6893594350,nodes,,,,,,,,,,,,,,صيدلية اطلس,pharmacy,43.9629366,26.3226426,POINT
6893589820,nodes,,,,,,,,,,,,,,صيدلية يافا,pharmacy,43.960941,26.3191866,POINT
6900689669,nodes,,,,,,,,,,,,,,بريدة لطب الأسنان,hospital,43.9511213,26.3280549,POINT
6893615817,nodes,,,,,,,,,,,,,,صيدلية عادل,pharmacy,43.9590731,26.3312872,POINT
7335285643,nodes,,,,,,,,,,,,,,مستشفى النبهانية العام,hospital,43.075,25.8527,POINT
7492849958,nodes,,,,,,,,,,,,,,صيدلية,pharmacy,43.357,25.5672,POINT
7343729782,nodes,,,,,,,,,,,,,,مركز صحي,hospital,46.9813783,25.57072,POINT
10264809283,nodes,,,,private_for_profit,,,,Dr.Hatem Aman Medical complex,,,,,,HAMC,hospital,46.7849257,24.7738902,POINT
4271969693,nodes,,,,,,,,,,,,,,مركز الطب الحديث للأسنان,dentist,46.7762277,24.7588777,POINT
4238868494,nodes,,,,,,,,,,,,,,مستوصف الراية,clinic,46.7809509,24.761813,POINT
4271992790,nodes,,,,,,,,,,,,,,صيدلية النهدي,pharmacy,46.7759699,24.7587177,POINT
3856703650,nodes,,,,,,,,,,,,,,فال العافية,hospital,46.7819482,24.7983522,POINT
11870047973,nodes,,,,,,,,,,,,,,مستشفى رابية الطبي,hospital,46.841807,24.563162,POINT
12376181501,nodes,,,,,,,,,,,,,,الدواء 541,pharmacy,45.6238423,25.5926435,POINT
4385410790,nodes,,,,,,,,,,,,,,المجمع الطبي,hospital,46.661891,24.6755467,POINT
9333751518,nodes,,,,,,,,,,,,,,المركز الوطني للحساسية و الربو و المناعة,clinic,46.6776076,24.6777697,POINT
6685537812,nodes,,,,,,,,,,,,,,المدخل الرئيسي,hospital,46.6773498,24.6696879,POINT
6685537811,nodes,,,,,,,,,,,,,,بنك الدم,hospital,46.6765256,24.6704529,POINT
6292916668,nodes,,,,,,,,,,,,,,الطوارئ,hospital,46.6781378,24.6708929,POINT
6685537808,nodes,,,,,,,,,,,,,,مبنى عيادة الأورام,hospital,46.6767299,24.6718644,POINT
7490937708,nodes,,,,,,,,,,,,,,صيدلية,pharmacy,43.7423,24.2976,POINT
7341142436,nodes,,,,,,,,,,,,,,صيدلية,pharmacy,43.2934,24.8837,POINT
11653423558,nodes,,,,,,,,,,,,,,صيدلية النهدي,pharmacy,46.7329079,24.8390784,POINT
4222647492,nodes,,,,,,,,,,,,,,مستشفى المبارك,hospital,46.706969,24.6566664,POINT
691468354,nodes,,,,,,,,,,,,,,Family Basket,pharmacy,46.702835,24.696217,POINT
2704832494,nodes,,,,,,,,,,,,,,مركز اباس الطبي,clinic,46.7350982,24.7588555,POINT
10855936180,nodes,,,,,,,,,,,,,,,pharmacy,46.7332872,24.7578215,POINT
9659395668,nodes,,,,,,,,,,,,,,Mouwasat Hospital,hospital,46.7327316,24.7873592,POINT
10676547705,nodes,,,,,,,,,,,,,,مغربي,clinic,46.7452124,24.7826837,POINT
2429936992,nodes,,,,,,,,,,,,,,Al Rajhi pharmacy,pharmacy,46.7314325,24.6703394,POINT
9678931117,nodes,,,,,,,,,,,,,,صيدلية لؤلوة آمون,pharmacy,46.7298183,24.8014759,POINT
5715300121,nodes,,,,,,,,,,,,,,صيدلبة الدواء,pharmacy,46.7386415,24.7999015,POINT
1242612369,nodes,,,,,,,,,,,,,,,hospital,46.9211311,24.820636,POINT
4227753689,nodes,,,,,,,,,,,,,,الفارابي,hospital,46.8019821,24.78625,POINT
4272404389,nodes,,,,,,,,,,,,,,صيدلية النوران الطبية,pharmacy,46.7507306,24.6694996,POINT
7022884871,nodes,,,,,,,,,,,,,,مستوصف الطب الحديث,hospital,46.7664237,24.6859304,POINT
7022847541,nodes,,,,,,,,,,,,,,صيدلية حمد,pharmacy,46.7664578,24.6858045,POINT
7022847542,nodes,,,,,,,,,,,,,,صيدلية الحزيمي,pharmacy,46.7666396,24.6855379,POINT
4350658791,nodes,,,,,,,,,,,,,,Jarir Medical Center,clinic,46.7549046,24.6735627,POINT
7954502586,nodes,,,,,,,,,,,,,,,pharmacy,46.7626663,24.6951079,POINT
4874819421,nodes,,,,,,,,,,,,,,صيدلية حي الريان,pharmacy,46.7804379,24.7037675,POINT
4347184490,nodes,,,,,,,,,,,,,,مجمع الريان الطبي,clinic,46.7807863,24.7040495,POINT
7011337045,nodes,,,,,,,,,,,,,,عيادات سما,hospital,46.7902221,24.6944418,POINT
4484048810,nodes,,,,,,,24/7,,,,,,,صيدلية يوم الدواء,pharmacy,46.7965015,24.6910294,POINT
4647495697,nodes,,,,,,,,,,,,,,الخلد اخصائي عيون واسنان,clinic,46.6849796,24.6854251,POINT
7801373130,nodes,,,,,,,,,,,,,,مجمع توكير الطبي,clinic,46.6382454,24.7966039,POINT
5873906985,nodes,,,,,,,,,,,,,,صيدلية زهرة الروضة,pharmacy,46.7233021,24.6902291,POINT
4684708490,nodes,,,,,,,,,,,,,,,pharmacy,46.7774489,24.6511291,POINT
4239906094,nodes,,,,,,,,,,,,,,Hayat National Hospital,hospital,46.7727851,24.6940156,POINT
2712472619,nodes,,,,,,,,,,,,,,مجمع عاجي لطب الاسنان,dentist,46.7792084,24.7007009,POINT
7440049049,nodes,,,,,,,,,,,,,,صيدلية مدار,pharmacy,46.3331,25.1668,POINT
4525669790,nodes,,,,,,,,,,,,,,مركز الملك فهد الوطني لسرطان الاطفال,hospital,46.6921323,24.8287332,POINT
3835892464,nodes,,,,,,,,,,,,,,,pharmacy,46.7767304,24.8128709,POINT
4378219310,nodes,,,,,,,Su-Th,,,,,,,مستوصف الحاير,hospital,46.8351733,24.4009602,POINT
7497460634,nodes,,,,,,,,,,,,,,صيدلية,pharmacy,43.0123,26.8515,POINT
670281904,nodes,,,,,,,,,,,,,,,pharmacy,46.7922566,24.7276596,POINT
683970769,nodes,,,,,,,,,,,,,,,pharmacy,46.794351,24.724562,POINT
4547233790,nodes,,,,,,,,,,,,,,مستشفى السليل العام,hospital,42.733384,20.9000152,POINT
7801373055,nodes,,,,,,,,,,,,,,أسنان مزدانة,dentist,46.6493253,24.8067008,POINT
7147805038,nodes,,,,,,,,,,,,,,صيدلية الانوار البيطرية,pharmacy,42.933359,23.9170943,POINT
4758047637,nodes,,,,,,,,,,,,,,,pharmacy,46.8420908,24.6564007,POINT
6783657385,nodes,,,,,,,,,,,,,,مستشفى الدارة,hospital,46.6832163,24.663358,POINT
4418671191,nodes,,,,,,,,,,,,,,مختبر البرج الطبي,clinic,46.6922882,24.6807943,POINT
4551352390,nodes,,,,,,,,,,,,,,مختبر البرج الطبي,clinic,46.6922446,24.680726,POINT
5876143986,nodes,,,,,,,,,,,,,,صيدليه المتحدة,pharmacy,46.6932793,24.6373436,POINT
4518646789,nodes,,,,,,,,,,,,,,مستشفى الشميسي,hospital,46.6903989,24.6278072,POINT
2704832499,nodes,,,,,,,,,,,,,,وصفات,pharmacy,46.7348226,24.7587592,POINT
3631527750,nodes,,,,,,,,Dr Soliman Al-Kharashi,,,,,,Dr Soliman Al-Kharashi Medical Center,hospital,46.6998881,24.7513374,POINT
13154007619,nodes,,,,,,,,,,,,,,al-dawaa pharmacy,pharmacy,46.6912189,24.7689991,POINT
13168508939,nodes,,,,,,,,,,,,,,صيدلية انوڤا,pharmacy,46.686834,24.7580719,POINT
8627353681,nodes,,,,government,,,,Minstry of Health (MOH),,,,,,مركز الرعايه الصحيه الأوليه (الوادي),hospital,46.6973078,24.7880082,POINT
13154007620,nodes,,,,,,,,,,,,,,zahrat alrawdah pharmacy,pharmacy,46.6915936,24.768613,POINT
7016923203,nodes,,,,,,,,,,,,,,مركز العلم الطبي,clinic,46.7612248,24.7643252,POINT
4948547221,nodes,,,,,,,,,,,,,,مستوصف الشرق,pharmacy,46.7932587,24.7585907,POINT
3835887588,nodes,,,,,,,,,,,,,,,pharmacy,46.7823416,24.8036289,POINT
4413247390,nodes,,,,,,,,,,,,,,مستشفى الأمام عبدالرحمن الفيصل,hospital,46.6527136,24.5288033,POINT
4541403590,nodes,,,,,,,24/7,,,,,,,صيدلية الشافي,pharmacy,46.6663115,24.5798648,POINT
12031250423,nodes,,,,,,,,,,,,,,مجمع الدكتور يوسف المقبل لطب العيون,hospital,46.6703266,24.7108511,POINT
12035810928,nodes,,,,,,,,,,,,,,عيادات كلير,clinic,46.6760183,24.6851786,POINT
8570184933,nodes,,,,,,,24/7,,,,,,,كنوز,pharmacy,46.673254,24.7005778,POINT
13410244901,nodes,,,,,,,,,,,,,,مستشفى د. سليمان الحبيب لصحة المرأه,hospital,46.6540788,24.7228842,POINT
8093059683,nodes,,,,public,,,,NAMAR,,,,,,NAMAR MEDICAL COMPLEX,hospital,46.5850458,24.5600138,POINT
5263321422,nodes,,,,,,,24/7,,,,,,,مستشفى السلام,hospital,46.8017677,24.7037444,POINT
4790600121,nodes,,,,,,,,,,,,,,وائل عبدالله السلمي,dentist,46.8021234,24.7034198,POINT
746341536,nodes,,,,,,,,,,,,,,,hospital,46.7972478,24.68704,POINT
7343574333,nodes,,,,,,,,,,,,,,صيدلية,pharmacy,47.0649,27.0137,POINT
11659275346,nodes,,,,,,,,,,,,,,Dr. Sulaiman Al Habib,hospital,46.6046594,24.7703329,POINT
9762738617,nodes,,,,,,,Mo-Su 08:00-23:00,,,,,,,صيدلية التويجري البيطرية,pharmacy,46.8472776,24.8689934,POINT
7543074990,nodes,,,,,,,,,,,,,,مستشفى الخرمة العام,hospital,42.0158,21.9088,POINT
4238853812,nodes,,,,,,,,,,,,,,صيدلية الراية,pharmacy,46.7808772,24.7617595,POINT
978265130,nodes,,,,,,,24/7,,,,,,,مستشفى أستر سند,hospital,46.7395065,24.77919,POINT
13531493078,nodes,,,,,,,,,,,,,,Aster Pharmacy,pharmacy,46.7150458,24.7499722,POINT
7384286489,nodes,,,,,,,,,,,,,,صيدلية,pharmacy,45.5208,25.3002,POINT
7335232338,nodes,,,,,,,,,,,,,,صيدلية,pharmacy,43.0656,25.8633,POINT
9029671117,nodes,,,,,,,,,,,,,,,doctors,44.8581188,20.4640415,POINT
8093264819,nodes,,,,,,,Su-Th 08:00-16:00,,,,,,,,clinic,44.74051,20.4552652,POINT
7139783457,nodes,,,,,,,,,,,,,,مستشفى النويعمة-المسن,hospital,44.8556762,20.4472745,POINT
7139355174,nodes,,,,,,,,,,,,,,مستوصف المعتلى,hospital,44.824924,20.4485037,POINT
7139355114,nodes,,,,,,,,,,,,,,صيدلية,doctors,44.7889106,20.471022,POINT
7139090949,nodes,,,,,,,,,,,,,,صيدلية,hospital,44.7905717,20.4689165,POINT
7359187768,nodes,,,,,,,,,,,,,,صيدلية,pharmacy,43.2483,26.4423,POINT
6853431085,nodes,,,,,,,,,,,,,,صيدلية النهدي,pharmacy,44.8012116,26.3057307,POINT
6787328729,nodes,,,,,,,,,,,,,,مستوصف القمة,hospital,44.8139952,26.3016368,POINT
4275198989,nodes,,,,,,,,,,,,,,kaluluwa,doctors,46.7120779,24.659615,POINT
8718744146,nodes,,,,,,,,,,,,,,,pharmacy,46.7104263,24.6910314,POINT
672705699,nodes,,,,,,,,,,,,,,Alshablan Medical Center,clinic,46.6815365,24.7165614,POINT
7954502685,nodes,,,,,,,,,,,,,,,pharmacy,46.7625131,24.6954744,POINT
4347976992,nodes,,,,,,,,,,,,,,النهدي,pharmacy,45.3546508,25.9012802,POINT
4325883789,nodes,,,,,,,,,,,,,,بشير عبيد لطب الاسنان,clinic,46.7037899,24.6450027,POINT
4227738192,nodes,,,,,,,,,,,,,,مجمع عيادات اللوتس,hospital,46.7947663,24.80364,POINT
12094903373,nodes,,,,,,,,,,,,,,صيدلية ليمون,pharmacy,46.6670429,24.7490385,POINT
11007858710,nodes,,,,,,,Mo-Su 09:00-23:45,,,,,,,رادان,pharmacy,46.6502307,24.802619,POINT
10858110358,nodes,,,,,,,,,,,,,,,doctors,46.6446438,24.8182416,POINT
7490880176,nodes,,,,,,,,,,,,,,مستشفى نفي العام,hospital,43.8209,25.0219,POINT
1659762375,nodes,,,,,,,,,,,,,,مستشفى تمير العام,hospital,45.8760285,25.704286,POINT
12664731910,nodes,,,,,,,,,,,,,,صيدلية انوفا,pharmacy,43.503221,25.8719897,POINT
12595018907,nodes,,,,,,,,,,,,,,مجمع الرعاية الراقية الطبي,hospital,43.4998217,25.8535338,POINT
12595018950,nodes,,,,,,,,,,,,,,مجمع العطني لطب الأسنان,hospital,43.500278,25.8555788,POINT
12592980038,nodes,,,,,,,,,,,,,,صيدلية زهرة الروضة,pharmacy,43.4939837,25.8618154,POINT
12566649880,nodes,,,,,,,,,,,,,,صيدلية عادل,pharmacy,43.5194687,25.8690861,POINT
12566087031,nodes,,,,,,,,,,,,,,آي براند - جملة الصيدليات,pharmacy,43.4949213,25.8603133,POINT
11294842642,nodes,,,,,,,,,,,,,,صيدلية,pharmacy,43.6324606,26.8873783,POINT
9731345717,nodes,,,,,,,Sa-Th 09:00-18:00,,,,,,,وحدة صحيه,doctors,43.9000361,26.3903367,POINT
7040217019,nodes,,,,,,,,,,,,,,صيدلية ايام الصحة,pharmacy,44.1583245,26.8768042,POINT
4696115093,nodes,,,,,,,,,,,,,,الحياة,pharmacy,43.94878,26.3590125,POINT
2982086634,nodes,,,,,,,,,,,,,,مستوصف الخالدية,doctors,44.207272,25.872914,POINT
2982086635,nodes,,,,,,,,,,,,,,مستوصف,dentist,44.207128,25.872957,POINT
4346042395,nodes,,,,,,,,,,,,,,اتقان الدواء,pharmacy,46.707168,24.6461218,POINT
4275133994,nodes,,,,,,,,,,,,,,kaluluwa,doctors,46.711886,24.6588903,POINT
2097170052,nodes,,,,,,,,,,,,,,مستشفى المذنب العام,hospital,44.2073322,25.8458989,POINT
12486610237,nodes,,,,,,,,,,,,,,Kesay,clinic,46.6599897,24.7878449,POINT
10694542007,nodes,,,,,,,,,,,,,,,pharmacy,46.6501082,24.788063,POINT
10855960643,nodes,,,,,,,,,,,,,,,pharmacy,46.6445089,24.7924479,POINT
10820535499,nodes,,,,,,,,,,,,,,,doctors,46.6475616,24.7899203,POINT
12866345390,nodes,,,,,,,"Fr 14:00-23:00; Mo-Th,Sa-Su 07:00-23:00",,,,,,,Biolab,doctors,46.766535,24.7899026,POINT
7655438465,nodes,,,,,,,,,,,,,,عيادات الصبحي,clinic,46.7783486,24.7490256,POINT
4544761290,nodes,,,,,,,,,,,,,,النهدي,pharmacy,46.7656505,24.7593774,POINT
4544777789,nodes,,,,,,,,,,,,,,مجمع العالمي الطبي,clinic,46.7635735,24.7621775,POINT
4397361589,nodes,,,,,,,,,,,,,,الرعايه الأوليه. حي الخليج,hospital,46.7898996,24.7682894,POINT
11300480090,nodes,,,,,,,,,,,,,,مركز صحي النمرية,hospital,42.340674,26.3944645,POINT
7497406637,nodes,,,,,,,,,,,,,,مستشفى الشنان,hospital,42.4309,27.1802,POINT
7801372908,nodes,,,,,,,,,,,,,,المسواك لطب الأسنان,dentist,46.6402666,24.8173884,POINT
7801345068,nodes,,,,,,,,,,,,,,مراس,clinic,46.6322,24.8140015,POINT
7801372955,nodes,,,,,,,,,,,,,,صفد لطب الأسنان,dentist,46.6439899,24.8175269,POINT
7801373005,nodes,,,,,,,,,,,,,,رويال أورثوبيدك,clinic,46.6470775,24.8111448,POINT
11987046657,nodes,,,,,,,"Fr 14:00-23:00; Mo-Th,Sa-Su 09:30-23:00",,,,,,,Biolab,doctors,46.7162973,24.7642367,POINT
12564150568,nodes,,,,,,,,,,,,,,صيدلية الرازي,pharmacy,43.4697778,25.843155,POINT
7283064995,nodes,,,,,,,,,,,,,,صيدلية,pharmacy,43.2798,26.0285,POINT
4977088529,nodes,,,,,,,,,,,,,,مستوصف البكرة,hospital,42.3040167,25.9457833,POINT
11916603391,nodes,,,,private,,,,شركة القرني,,,,,,مجمع برج نايا الطبي,hospital,42.6172973,20.0001361,POINT
2356707555,nodes,,,,,,,,,,,,,,,hospital,42.601912,20.0004106,POINT
7533154246,nodes,,,,,,,,,,,,,,صيدلية,pharmacy,42.1972,25.8286,POINT
7533176189,nodes,,,,,,,,,,,,,,مستشفى عقلة الصقور,hospital,42.1878,25.825,POINT
7340972481,nodes,,,,,,,,,,,,,,مركز صحي,clinic,43.615,25.3608,POINT
5021592921,nodes,,,,,,,,,,,,,,مستشفي عناية العائلة,hospital,46.8715477,24.8009724,POINT
4790575027,nodes,,,,,,,,,,,,,,وائل عبدالله,dentist,46.7795828,24.688359,POINT
4264865989,nodes,,,,,,,,,,,,,,Al Malak Dental Clinic,clinic,46.8056634,24.7030098,POINT
11870738304,nodes,,,,,,,,,,,,,,مستشفى الامير محمد بن عبد العزيز,hospital,46.793229,24.708796,POINT
3835882185,nodes,,,,,,,,,,,,,,,hospital,46.7832812,24.7991145,POINT
7358440101,nodes,,,,,,,,,,,,,,مستشفى الارطاوية العام,hospital,45.3634113,26.4977711,POINT
4108115718,nodes,,,,,,,,,,,,,,زهرة الخليج zahrato alkhalej,pharmacy,46.6258553,24.7142602,POINT
12621254438,nodes,,,,,,,,,,,,,,مركز صحي المطار,hospital,43.4958891,25.8750917,POINT
12580281187,nodes,,,,,,,,,,,,,,مجمع عيادات ودان,clinic,43.5018208,25.8550556,POINT
12564150463,nodes,,,,,,,,,,,,,,عيادات رويال الطبية,clinic,43.4955996,25.8683671,POINT
12556977285,nodes,,,,,,,,,,,,,,صيدلية النهدي,pharmacy,43.507328,25.8597105,POINT
7038091026,nodes,,,,,,,,,,,,,,صيدلية ودائع الطبيعة,pharmacy,44.0799661,27.025856,POINT
6335608486,nodes,,,,,,,,,,,,,,مركز صحي المزاحمية,clinic,46.2794491,24.4636479,POINT
6333121485,nodes,,,,,,,,,,,,,,مستوصف رماح,clinic,47.155722,25.5707329,POINT
7343279946,nodes,,,,,,,,,,,,,,صيدلية,pharmacy,47.1654,25.552,POINT
7343375971,nodes,,,,,,,,,,,,,,صيدلية الدواء,pharmacy,47.1629,25.5539,POINT
7343396483,nodes,,,,,,,,,,,,,,عيادة اسنان,dentist,47.1637,25.5546,POINT
7497410727,nodes,,,,,,,,,,,,,,صيدلية,pharmacy,42.4359,27.1759,POINT
4977135126,nodes,,,,,,,,,,,,,,صيدلية الفويلق,pharmacy,43.2523611,26.4417428,POINT
7340041075,nodes,,,,,,,,,,,,,,مركز صحي,clinic,43.0291,26.0155,POINT
7283918325,nodes,,,,,,,,,,,,,,صيدلية البدر,pharmacy,43.2794,26.0281,POINT
7283267323,nodes,,,,,,,,,,,,,,مستوصف,hospital,43.2762,26.0258,POINT
7340042709,nodes,,,,,,,,,,,,,,المركز الطبي في صبيح,hospital,43.0266,26.0231,POINT
7081771114,nodes,,,,,,,,,,,,,,مستشفى وثيلان,hospital,44.4234,25.4721,POINT
9776955083,nodes,,,,,,,,,,,,,,مستشفى شقراء القديم,hospital,45.2544799,25.2493357,POINT
1505822506,nodes,,,,,,,,,,,,,,مستشفى الملك سعود,hospital,43.9920977,26.1043807,POINT
4696272989,nodes,,,,,,,,,,,,,,الفليو,clinic,43.9592789,26.3760141,POINT
4697008296,nodes,,,,,,,,,,,,,,مستوصف الرعاية الاولي بالشماس,clinic,43.9594417,26.3360624,POINT
5027405921,nodes,,,,,,,,,,,,,,مستوصفات الفليو,hospital,43.9587455,26.3755837,POINT
5109571721,nodes,,,,,,,,,,,,,,صيدلية لؤلؤة الصحة,pharmacy,43.9249938,26.3930068,POINT
7490899881,nodes,,,,,,,,,,,,,,صيدلية الدواء,pharmacy,43.8156,25.021,POINT
10989303605,nodes,,,,,,,,,,,,,,مخيم مستشفى الملك سعود بعنيزة,clinic,43.8872329,26.0072277,POINT
7535819590,nodes,,,,,,,,,,,,,,مستشفى الدوادمي العام,hospital,44.4475726,24.5442536,POINT
13385739101,nodes,,,,,,,24/7,,,,,,,صيدلية الدواء الذكي الطبيه,pharmacy,44.6000168,25.1828843,POINT
7040217026,nodes,,,,,,,,,,,,,,مركز الرعاية الاولية بالخصيبة,hospital,44.1534318,26.8831143,POINT
7343502722,nodes,,,,,,,,,,,,,,مركز صحي شوية,clinic,47.2392,26.3675,POINT
7350383723,nodes,,,,,,,,,,,,,,صيدلية,pharmacy,44.3241,27.4029,POINT
7342656989,nodes,,,,,,,,,,,,,,مستشفى ضرية العام,hospital,42.9234,24.7238,POINT
4618465692,nodes,,,,,,,,,,,,,,مستشفى الغاط,hospital,44.9389714,26.0326111,POINT
6853408179,nodes,,,,,,,,,,,,,,صيدلية الزلفي,pharmacy,44.8110166,26.3061945,POINT
6855233076,nodes,,,,,,,,,,,,,,مستوصف الزلفي الطبي,hospital,44.811044,26.3063882,POINT
7384346417,nodes,,,,,,,,,,,,,,مستشفى محافظة مرات العام,hospital,45.4619,25.0746,POINT
7384320764,nodes,,,,,,,,,,,,,,صيدلية,pharmacy,45.4649,25.0697,POINT
7350487473,nodes,,,,,,,,,,,,,,مستشفى قبة العام,hospital,44.3269,27.408,POINT
7350341838,nodes,,,,,,,,,,,,,,صيدلية,pharmacy,44.3264,27.4018,POINT
7350341880,nodes,,,,,,,,,,,,,,صيدلية,pharmacy,44.3254,27.4016,POINT
6248877194,nodes,,,,,,,,,,,,,,صيدلية ليمون,pharmacy,43.863742,26.2962316,POINT
6248877193,nodes,,,,,,,,,,,,,,صيدلية,pharmacy,43.8628562,26.2968298,POINT
1267900197,nodes,,,,,,,,,,,,,,دلة,hospital,46.6521263,24.7468295,POINT
7384137363,nodes,,,,,,,,,,,,,,صيدلية,pharmacy,45.625,25.5888,POINT
7384209630,nodes,,,,,,,,,,,,,,صيدلية الدواء,pharmacy,45.6149,25.5961,POINT
12376173502,nodes,,,,,,,,,,,,,,الدواء 434,pharmacy,45.6175944,25.5948642,POINT
11294847597,nodes,,,,,,,,,,,,,,مستشفى قصيباء,hospital,43.6325827,26.8866407,POINT
4976770824,nodes,,,,,,,,,,,,,,صيدلية ديرتي العظيم,pharmacy,42.4682798,26.5898022,POINT
6953249575,nodes,,,,business,,,,صفوة المهيدب - فرع الربوة,,,,,,صفوة المهيدب - فرع الربوة,hospital,46.7760564,24.6788288,POINT
11049055085,nodes,,,,private,,,,Almawed Medical Center,,,,,,Almawed Medical Center,hospital,46.6888869,24.7276727,POINT
12082535226,nodes,,,,,,,,,,,,,,صيدلية الشبلان,pharmacy,46.6816396,24.7166705,POINT
11871539496,nodes,,,,,,,,,,,,,,مركز الملك سلمان لامراض الكلى,hospital,46.7547905,24.6893312,POINT
11871652648,nodes,,,,,,,,,,,,,,اليرموك الغربي,hospital,46.763133,24.805567,POINT
11870951073,nodes,,,,,,,,,,,,,,مستشفى الثميري,hospital,46.7679153,24.7280318,POINT
672727262,nodes,,,,,,,,,,,,,,المستشفي الوطني,hospital,46.7270653,24.6793946,POINT
5645865421,nodes,,,,,,,Mo-Su 06:00-04:00,,,,,,,النحدي,pharmacy,46.7359632,24.6698708,POINT
4142797009,nodes,,,,,,,,,,,,,,وقت الدواء,pharmacy,46.7083475,24.6404661,POINT
2930726644,nodes,,,,,,,,,,,,,,KAL Medical Development Foundation,hospital,46.6785028,24.69339,POINT
13610104305,nodes,,,,,,,,,,,,,,Al dyrian,hospital,46.5586201,24.7877964,POINT
4544778790,nodes,,,,,,,,,,,,,,مملكة الصحة,pharmacy,46.7626348,24.7623993,POINT
4544632891,nodes,,,,,,,,,,,,,,دواء الصفوة,pharmacy,46.7627091,24.7624346,POINT
11871652401,nodes,,,,,,,,,,,,,,الجنادرية الغربية,hospital,46.851917,24.797495,POINT
4402358892,nodes,,,,,,,,,,,,,,دان المدينة,pharmacy,46.8800318,24.7952964,POINT
6871886393,nodes,,,,,,,,,,,,,,صيدلية الصويرة,pharmacy,44.8257357,26.3048155,POINT
11300480100,nodes,,,,,,,,,,,,,,مستوصف الجرير الشمالي,hospital,42.4328397,26.3002912,POINT
7040406877,nodes,,,,,,,,,,,,,,صيدلية ايام الصحة,pharmacy,44.1638597,26.8629898,POINT
4381940492,nodes,,,,,,,,,,,,,,مستشفى الأسياح العام,hospital,44.2055319,26.7927776,POINT
7497451591,nodes,,,,,,,,,,,,,,مركز صحي البسيتين,hospital,42.9987,26.8416,POINT
11305266709,nodes,,,,,,,,,,,,,,مركز الرعاية الصحية الأولية بالبسيتين,hospital,43.0042493,26.8451187,POINT
7040217018,nodes,,,,,,,,,,,,,,صيدلية سينات,pharmacy,44.1575114,26.8771364,POINT
7500634841,nodes,,,,,,,,,,,,,,صيدلية القوارة,pharmacy,43.4727,26.781,POINT
3335057970,nodes,,,,,,,,,,,,,,مستوصف الدحو,hospital,42.6599445,20.1030552,POINT
7334178090,nodes,,,,,,,"PH,Sa-Th 09:00-24:00+",,,,,,,صيدلية ركن الدوائية,pharmacy,43.3729,26.0102,POINT
7334987330,nodes,,,,,,,,,,,,,,صيدلية,pharmacy,42.9479,25.9393,POINT
6894976437,nodes,,,,,,,,,,,,,,مستشفى رياض الخبراء العام,hospital,43.5578551,26.0494724,POINT
11133020206,nodes,,,,,,,,,,,,,,,hospital,44.7517658,20.4609977,POINT
7139355122,nodes,,,,,,,,,,,,,,مجمع عيادات الخماسين الطبي,hospital,44.7871564,20.4730825,POINT
7139094625,nodes,,,,,,,,,,,,,,صيدلية الوعلان,hospital,44.7905373,20.4694751,POINT
6853391584,nodes,,,,,,,,,,,,,,صيدلية الدواء,pharmacy,44.8128908,26.3033472,POINT
911227724,nodes,,,,,,,,,,,,,,مستوصف نبض الوتين,pharmacy,44.8256251,26.3047289,POINT
4456958790,nodes,,,,,,,,,,,,,,صيدلية الحكمة,pharmacy,44.9561884,26.0234429,POINT
6893379163,nodes,,,,,,,,,,,,,,صيدلية النهدي,pharmacy,43.5586132,26.0572388,POINT
6793821387,nodes,,,,,,,,,,,,,,مركز صحي الجوي,hospital,44.6981918,26.4323886,POINT
6899659685,nodes,,,,,,,,,,,,,,مجمع الأمل للصحة النفسية بالقصيم,hospital,44.0400238,26.275344,POINT
6904868446,nodes,,,,,,,,,,,,,,صيدلية الجفن,pharmacy,43.9817896,26.3196585,POINT
7394408319,nodes,,,,,,,,,,,,,,صيدلية,pharmacy,45.2775231,24.061139,POINT
12367452058,nodes,,,,,,,,,,,,,,,pharmacy,46.6860235,24.7055808,POINT
6685537809,nodes,,,,,,,,,,,,,,مركز الأبحاث,hospital,46.6764375,24.6722421,POINT
4634514392,nodes,,,,,,,Mo-Su 08:00-01:30,,,,,,,عادل,pharmacy,43.9283963,26.3940275,POINT
11871539501,nodes,,,,,,,,,,,,,,مركز الرعاية الصحية الأولية بالنسيم الشرقي,hospital,46.832551,24.749248,POINT
11870047686,nodes,,,,,,,,,,,,,,الجنادرية الشرقية,hospital,46.862444,24.80805,POINT
7343432552,nodes,,,,,,,,,,,,,,صيدلية النهدي,pharmacy,47.1607,25.5647,POINT
5300227324,nodes,,,,,,,,,,,,,,مستشفى عيون الجواء,hospital,43.6290799,26.4957757,POINT
4301336112,nodes,,,,,,,,Saudi Red Crescent Authority,,,,,,الهلال الاحمر,hospital,45.8702787,25.2522577,POINT
6161417085,nodes,,,,,,,,,,,,,,صيدلية عادل,pharmacy,43.6509398,26.1364798,POINT
4581368391,nodes,,,,,,,24/7,,,,,,,مركز اسعاف البكيرية,hospital,43.6532769,26.1561506,POINT
5990869885,nodes,,,,,,,Su-Th 08:00-15:00,,,,,,,مركز صحي,doctors,45.857781,25.7166165,POINT
12376061201,nodes,,,,,,,,,,,,,,الدواء549,pharmacy,45.8915197,25.6979278,POINT
12584340714,nodes,,,,,,,,,,,,,,صيدلية الدواء,pharmacy,43.5164713,25.8666469,POINT
9138190746,nodes,,,,,,,,,,,,,,نجد كلينك لطب الأسنان,dentist,43.953368,26.3657054,POINT
4697527816,nodes,,,,,,,,,,,,,,دار نادين,pharmacy,43.952724,26.3562711,POINT
4696015300,nodes,,,,,,,,,,,,,,المستقبل,pharmacy,43.9530136,26.3559814,POINT
4653594889,nodes,,,,,,,,,,,,,,مجمع رشيد الطبي,hospital,43.9366684,26.3667154,POINT
4303405893,nodes,,,,,,,,,,,,,,عيادة أنفنتي,clinic,43.9335677,26.3987776,POINT
4659468097,nodes,,,,,,,,,,,,,,الوحدة الصحية للبنين,hospital,43.9308401,26.3936892,POINT
5109570223,nodes,,,,,,,,,,,,,,تداوينا,pharmacy,43.9257183,26.3954557,POINT
4357102100,nodes,,,,,,,,,,,,,,صيدلية المملكة,pharmacy,46.7758191,24.7336353,POINT
5013208122,nodes,,,,,,,,,,,,,,exit 16,dentist,46.8118949,24.6737493,POINT
13357574853,nodes,,,,,,,"Fr 16:00-22:00; Mo-Th,Sa-Su 08:00-23:30",,,,,,,مجمع الثويني الطبي,hospital,46.8154841,24.7416181,POINT
13382798101,nodes,,,,,,,"Su-Th 07:00-02:00; Fr 13:00-01:00; Sa 15:00-01:00",,,,,,,صيدليه النهدى,pharmacy,46.8032708,24.7007409,POINT
2429936983,nodes,,,,,,,,,,,,,,مستوصف عالم الطب,hospital,46.7330847,24.6712998,POINT
4102886409,nodes,,,,,,,,,,,,,,,pharmacy,46.7013762,24.7091217,POINT
697036418,nodes,,,,,,,,,,,,,,Eternal Smile Clinic,dentist,46.6920501,24.7008039,POINT
11251321276,nodes,,,,,,,,,,,,,,,hospital,46.7531419,24.6311913,POINT
4541333218,nodes,,,,,,,24/7,,,,,,,صيدلية الشافي,pharmacy,46.6629929,24.5841578,POINT
12287916965,nodes,,,,,,,,Healthcare,,,,,,مدينة الملك فهد الطبية,hospital,46.7043775,24.6869865,POINT
12035810927,nodes,,,,,,,,,,,,,,عيادة إنجاب,clinic,46.6759587,24.6852067,POINT
11871651811,nodes,,,,,,,,,,,,,,مركز الرعاية الصحية الأولية بالسليمانية,hospital,46.695734,24.705275,POINT
4350631631,nodes,,,,,,,,Al Nahda Group,,,,,,Nahda Pharmacy,pharmacy,46.7332487,24.6895337,POINT
907639358,ways_poly,,,,,,,,,,,,,,,hospital,45.461933570685,25.0745474607654,POLYGON
135797634,ways_poly,,,,,,,,,,,,,,مستشفى المملكة,hospital,46.6546768527366,24.8013959630417,POLYGON
663472494,ways_poly,,,,,,,,,,,,,,مستشفى الجافل,hospital,46.6048707,24.5785667,POLYGON
227478642,ways_poly,,,,,,,,,,,,,,مستشفى الملك سلمان,hospital,46.6422063688968,24.6067978521895,POLYGON
707477676,ways_poly,,,,,,,,,,,,,,مستشفى الإيمان العام,hospital,46.737596657514,24.600418390147,POLYGON
1305903162,ways_poly,,,,,,,,,,,,,,مجمع عيادات دنت الطبي للاسنان والجلدية,clinic,46.6672960698634,24.7489831994842,POLYGON
566196032,ways_poly,,,,,,,,,,,,,,مستشفى دله - نمار,hospital,46.6764078831187,24.5608680254417,POLYGON
133795297,ways_poly,,,,,,,,,,,,,,مبنى الطوارئ - مستشفى الملك خالد الجامعي,hospital,46.6213601739853,24.7114205010133,POLYGON
846652353,ways_poly,,,,,,,,,,,,,,,hospital,46.5691772307462,24.7478147608053,POLYGON
1303651756,ways_poly,,,,,,,,,,,,,,,hospital,46.7305884744829,24.6575569044299,POLYGON
221033189,ways_poly,,,,,,,,,,,,,,مستشفى الأسرة الدولي,hospital,46.5928808550321,24.5846762197383,POLYGON
701879179,ways_poly,,,,private,,,,مجموعة مستشفيات د. سليمان الحبيب الطبية,,,,,,مستشفى الدكتور سليمان الحبيب,hospital,46.6408926913902,24.5673996351375,POLYGON
907856537,ways_poly,,,,,,,,,,,,,,,hospital,46.6529636198032,24.5280541741362,POLYGON
662922179,ways_poly,,,,,,,,,,,,,,مستوصف حي قرطبة,hospital,46.6009900813904,24.4861011719784,POLYGON
223723583,ways_poly,,,,,,,,,,,,,,مستشفى الصحة النفسية,hospital,46.6033974893739,24.719067281391,POLYGON
1307065289,ways_poly,,,,,,,,,,,,,,,hospital,46.7318180544161,24.6571719728779,POLYGON
1303651753,ways_poly,,,,,,,,,,,,,,,hospital,46.7318303656871,24.6575121436132,POLYGON
332579820,ways_poly,,,,,,,,,,,,,,,hospital,45.2644246442389,25.2233937651219,POLYGON
360203124,ways_poly,,,,,,,,,,,,,,مستشفى الولادة والأطفال,hospital,43.9408896708117,26.3712345771399,POLYGON
701879177,ways_poly,,,,private,,,,مجموعة مستشفيات د. سليمان الحبيب الطبية,,,,,,مستشفى الدكتور سليمان الحبيب,hospital,46.7749479840542,24.7211165199793,POLYGON
1303410697,ways_poly,,,,,,,,,,,,,,صيدلية ليمون,pharmacy,46.6747388316659,24.8326755972141,POLYGON
1307270227,ways_poly,,,,,,,,,,,,,,مجموعة هاو الطبية,clinic,46.6719997891189,24.7601313494574,POLYGON
1365099538,ways_poly,,,,,,,,,,,,,,مركز مصرف الراجحي للقسطرة القلبية,hospital,43.4841310180537,25.8831835642883,POLYGON
1365099537,ways_poly,,,,,,,,,,,,,,مركز عبدالله العثيم للسكري,hospital,43.483327657804,25.881012475453,POLYGON
1366293659,ways_poly,,,,,,,,,,,,,,مجمع الجناح الطبي,hospital,43.4844907448979,25.8716384278932,POLYGON
512416045,ways_poly,,,,,,,,,,,,,,مستوصف الفوارة,hospital,42.6614394071585,26.0570838545848,POLYGON
907377127,ways_poly,,,,,,,,,,,,,,,hospital,44.4476847030404,24.5433937113874,POLYGON
1064376575,ways_poly,,,,,,,,,,,,,,,hospital,43.8210216816671,25.0219433879764,POLYGON
1064906073,ways_poly,,,,,,,,,,,,,,مركز السعدي للطفولة والتدخل المبكر,clinic,43.9170947608891,26.0901827546275,POLYGON
294428032,ways_poly,,,,,,,,,,,,,,مستشفي الرس العام,hospital,43.4832591071188,25.8825377315318,POLYGON
907543926,ways_poly,,,,,,,,,,,,,,,hospital,43.7651500167977,24.3049336323247,POLYGON
1361763065,ways_poly,,,,,,,,,,,,,,مجمع الرعاية الراقية الطبي,hospital,43.5136763014661,25.8835940415992,POLYGON
222185048,ways_poly,,,,,,,,,,,,,,مستشفى الملك سعود,hospital,43.9903536365839,26.1043127219925,POLYGON
968270386,ways_poly,,,,business,,,,Alsalhi Company,,,,,,مجمع الشرق الطبي,hospital,43.491086977837,25.8788619844398,POLYGON
1364743957,ways_poly,,,,,,,,,,,,,,مستشفى الولادة و الاطفال بالرس,hospital,43.5770820482563,25.9016827009467,POLYGON
706137148,ways_poly,,,,,,,,,,,,,,مركز التأهيل الشامل,hospital,43.9736056433864,26.3605786920527,POLYGON
1053590047,ways_poly,,,,government,,,,وزارة الصحة,,,,,,مستشفى عيون الجواء العام,hospital,43.6443786110919,26.4764719379744,POLYGON
53193801,ways_poly,,,,,,,Su-Th 07:30-16:30,,,,,,,مدينة الملك فهد الطبية,hospital,46.7038822787433,24.6879646825453,POLYGON
1303257794,ways_poly,,,,,,,,,,,,,,صيدلية ليمون,pharmacy,46.6770309547461,24.8380279578351,POLYGON
670701782,ways_poly,,,,,,,,,,,,,,مركز الشيخ صالح بن مطلق الحناكي لغسيل الكلى,clinic,43.4843741256938,25.8838697239279,POLYGON
983316623,ways_poly,,,,,,,,,,,,,,مستشفى الحياة الوطني,hospital,43.9394881828212,26.0894340516384,POLYGON
1376524313,ways_poly,,,,private,,,,مجموعة مستشفيات د. سليمان الحبيب الطبية,,,,,,مستشفى الدكتور سليمان الحبيب,hospital,43.9463418590354,26.3621401474566,POLYGON
975973416,ways_poly,,,,,,,,,,,,,,مستشفى بريده العام,hospital,43.9261940376782,26.4430240707487,POLYGON
333486165,ways_poly,,,,,,,,,,,,,,مستشفئى الافلاج,hospital,46.7214184531367,22.293032864439,POLYGON
331075149,ways_poly,,,,,,,,,,,,,,Medical City,hospital,46.8616929463095,24.7514162788832,POLYGON
629793064,ways_poly,,,,,,,,,,,,,,,hospital,46.7979527333255,24.7396325839661,POLYGON
53347803,ways_poly,,,,,,,,,,,,,,Al Yamama Hospital,hospital,46.7938776276009,24.7164460269981,POLYGON
951768899,ways_poly,,,,,,,,,,,,,,,hospital,46.7396786197044,24.778942490611,POLYGON
1305510842,ways_poly,,,,,,,,,,,,,,عيادات روضة الأقصى الطبي ٢,clinic,46.7197310152642,24.7530405821172,POLYGON
1208980003,ways_poly,,,,,,,,,,,,,,,pharmacy,43.9454579050874,26.3696279289671,POLYGON
1245408279,ways_poly,,,,,,,Mo-Su 09:00-22:00,,,,,,,Almuhammadiyah Clinic,clinic,46.6465945612302,24.7273869610133,POLYGON
795178323,ways_poly,,,,,,,,مستوصف المعالي الطبي,,,,,,مستوصف المعالي الطبي,hospital,43.9811300057001,26.072893564589,POLYGON
221331937,ways_poly,,,,,,,,,,,,,,الملك فهد,hospital,43.9689134733822,26.3491257546114,POLYGON
1303653613,ways_poly,,,,,,,,,,,,,,,hospital,46.6583935295622,24.7034113378022,POLYGON
129620151,ways_poly,,,,,,,,,,,,,,King Fahad Hospital,hospital,46.8561642670258,24.7499466002398,POLYGON
1193082860,ways_poly,,,,,,,,وزارة الدفاع,,,,,,مدينة الأمير سلطان الطبية العسكرية,hospital,46.7136549772304,24.692205005851,POLYGON
53470284,ways_poly,,,,,,,,,,,,,,عيادات الدكتور بشار سالم للأسنان,dentist,46.6740123137591,24.7170270474481,POLYGON
701879183,ways_poly,,,,,,,,,,,,,,مجمع الحبيب - العظام والعامود الفقري,hospital,46.6780725326489,24.703482694609,POLYGON
701879182,ways_poly,,,,,,,,,,,,,,مجمع الحبيب - النساء والولادة,hospital,46.6777708,24.7039899,POLYGON
53220227,ways_poly,,,,,,,,,,,,,,مستشفى الدكتور عبد الرحمن المشاري,hospital,46.6864509557912,24.7018740901672,POLYGON
1340882205,ways_poly,,,,,,,,,,,,,,,clinic,46.8813922422351,24.729002895815,POLYGON
780101298,ways_poly,,,,,,,,,,,,,,مستوصف الشيحية,clinic,43.6143544543303,26.2529217622387,POLYGON
1060120724,ways_poly,,,,,,,,,,,,,,مستشفى النبهانية العام,hospital,43.074940796034,25.8528418427917,POLYGON
705848693,ways_poly,,,,,,,,,,,,,,مجمع سلامات الطبي,hospital,43.903186029513,26.3861920984995,POLYGON
964289382,ways_poly,,,,,,,,,,,,,,مستشفى الملك عبدالله,hospital,42.6132013895841,20.0343784377567,POLYGON
765524561,ways_poly,,,,,,,,وزارة الصحة,,,,,,مستشفى عفيف العام,hospital,42.911333571422,23.9031599183976,POLYGON
701879178,ways_poly,,,,private,,,,مجموعة مستشفيات د. سليمان الحبيب الطبية,,,,,,مستشفى الدكتور سليمان الحبيب,hospital,46.6568966295805,24.7191134901191,POLYGON
974827522,ways_poly,,,,,,,,,,,,,,مستشفى بريدة المركزي,hospital,43.9802904196176,26.3270289095065,POLYGON
807013352,ways_poly,,,,,,,,,,,,,,مركز صحي الخشيبي,clinic,43.3546494357441,25.5609891077347,POLYGON
626261563,ways_poly,,,,,,,,,,,,,,صيدلية الدار البيضاء الثانية,pharmacy,42.85361635,25.5039069,POLYGON
387072226,ways_poly,,,,,,,,وزارة الداخلية,,,,,,مستشفى قوى الامن,hospital,46.7246589641899,24.6791398831236,POLYGON
1245844394,ways_poly,,,,private,,,,مجموعة مستشفيات د. سليمان الحبيب الطبية,,,,,,مستشفى الدكتور سليمان الحبيب,hospital,46.6568060714151,24.7201374041499,POLYGON
713784777,ways_poly,,,,,,,,,,,,,,مجمع نسمة عافية الطبي بضليع رشيد,clinic,42.8514549042404,25.5018205680338,POLYGON
975973410,ways_poly,,,,,,,,,,,,,,مركز صحي شرق الفايزية,clinic,43.9783517082312,26.3769509709865,POLYGON
1201048794,ways_poly,,,,,,,,,,,,,,مستوصف صحي,hospital,45.865474455418,25.284345377574,POLYGON
1030755424,ways_poly,,,,,,,,,,,,,,مستشفى حريملاء العام,hospital,46.1094614661809,25.1149452364095,POLYGON
37771031,ways_poly,,,,,,,,,,,,,,مدينة الامير سلطان بن عبدالعزيز للخدمات الانسانية,hospital,46.523346270179,24.9892843641015,POLYGON
1247263918,ways_poly,,,,,,,,,,,,,,صيدلية النهدي,pharmacy,43.979961308509,26.0804073008215,POLYGON
1041717127,ways_poly,,,,government,,,,وزارة الصحة,,,,,,مستشفى رماح العام,hospital,47.1431116225499,25.5711740279872,POLYGON
957466370,ways_poly,,,,,,,,,,,,,,مستشفى الرفيعة العام,hospital,47.0682862858434,27.0193255764886,POLYGON
908384052,ways_poly,,,,government,,,,Ministry of Heatlh,,,,,,مستشفى الملك خالد,hospital,45.3442595507486,25.9136694545675,POLYGON
701879180,ways_poly,,,,private,,,,مجموعة مستشفيات د. سليمان الحبيب الطبية,,,,,,مستشفى الدكتور سليمان الحبيب,hospital,46.6767959315042,24.7044607712364,POLYGON
78287386,ways_poly,,,,,,,,,,,,,,مستشفى الزلفي العام,hospital,44.8276189182391,26.3124472189266,POLYGON
772369897,ways_poly,,,,,,,,,,,,,,مستشفى الزلفي العام,hospital,44.8280374873804,26.311901606566,POLYGON
777922602,ways_poly,,,,,,,,,,,,,,مركز اسعاف أم سدرة,hospital,44.4344198312496,26.1387293446596,POLYGON
328733350,ways_poly,,,,,,,,,,,,,,,hospital,46.63929875,24.7792224,POLYGON
221634208,ways_poly,,,,,,,,,,,,,,المستشفى السعودي الالماني,hospital,46.628429296389,24.8008584997233,POLYGON
222299054,ways_poly,,,,,,,,,,,,,,مستشفى الحمادي,hospital,46.7031062825379,24.6021552740384,POLYGON
1190138900,ways_poly,,,,,,,,,,,,,,مستشفى الملك عبدالله الجامعي,hospital,46.7221927489411,24.8365015172101,POLYGON
1303250151,ways_poly,,,,,,,,,,,,,,,pharmacy,46.6692623913417,24.8314259971846,POLYGON
705252542,ways_poly,,,,,,,,,,,,,,مجمع الأمل للصحة النفسية بالقصيم,hospital,44.0401394716301,26.2731346590313,POLYGON
908731725,ways_poly,,,,,,,,وزارة الصحة,,,,,,مستشفى وثيلان,hospital,44.4231193954193,25.4713086917801,POLYGON
774955457,ways_poly,,,,,,,,,,,,,,مستوصف الهلالية,clinic,43.6732327404339,26.1236067730845,POLYGON
230102866,ways_poly,,,,,,,,,,,,,,مستشفى البكيرية العام,hospital,43.6603953003906,26.1421205165437,POLYGON
846692612,ways_poly,,,,,,,,,,,,,,,pharmacy,46.5711149213855,24.7469767799521,POLYGON
399871030,ways_poly,,,,,,,,,,,,,,المركز الصحي بغسله,hospital,45.2908635992024,25.222340538596,POLYGON
1355686073,ways_poly,,,,,,,,,,,,,,مجمع القصيم التخصصي الطبي,hospital,43.5086806576568,25.8474184248837,POLYGON
705954043,ways_poly,,,,,,,,,,,,,,مركز الشيخ فهد العويضة لعلاج القدم السكري,hospital,43.9736495545771,26.3486799601002,POLYGON
701879181,ways_poly,,,,,,,,,,,,,,مجمع الحبيب - الجلدية والعيون,hospital,46.6774510984992,24.7046600215764,POLYGON
327819695,ways_poly,,,,,,,,,,,,,,مركز الملك فهد الوطني لأورام الأطفال,hospital,46.6920098477388,24.8287315699364,POLYGON
775876518,ways_poly,,,,,,,,,,,,,,مستوصف حي الزهراء,clinic,43.6638071834094,26.1341301964864,POLYGON
1276550550,ways_poly,,,,,,,,,,,,,,صيدلية النهدي,pharmacy,46.6854662774396,24.8173560282749,POLYGON
629790038,ways_poly,,,,,,,,,,,,,,,hospital,46.7608027,24.6520282,POLYGON
1307065286,ways_poly,,,,,,,,,,,,,,,hospital,46.7314870424841,24.657080698618,POLYGON
1070693944,ways_poly,,,,,,,,,,,,,,,hospital,43.9569469614014,26.3894226821529,POLYGON
360203125,ways_poly,,,,,,,,,,,,,,مستشفي القصيم الوطني,hospital,43.9402345933718,26.3745834821947,POLYGON
707031747,ways_poly,,,,,,,,,,,,,,العيادات الشاملة التخصصية لقوى الأمن بالقصيم,hospital,43.9259130478557,26.3917718401963,POLYGON
638505786,ways_poly,,,,,,,,,,,,,,,hospital,46.7166928638239,24.6640476835155,POLYGON
1316400654,ways_poly,,,,,,,,,,,,,,مستشفى دلة العارض,hospital,46.6425259448189,24.8597307484473,POLYGON
221638265,ways_poly,,,,,,,,,,,,,,,hospital,46.7801875172115,24.5929010068916,POLYGON
962491325,ways_poly,,,,,,,,,,,,,,PMO Hospital,hospital,46.8811704245476,24.7517751568827,POLYGON
704711941,ways_poly,,,,,,,,,,,,,,المستشفى العسكري بالقصيم,hospital,43.7549497819917,26.3199385393102,POLYGON
331445773,ways_poly,,,,,,,,,,,,,,مستشفى النقاهة,hospital,46.8105465832956,24.5844793505523,POLYGON
1064906072,ways_poly,,,,,,,,,,,,,,,hospital,43.9171596065936,26.090050179962,POLYGON
512717666,ways_poly,,,,,,,,,,,,,,صيدلية القصر الطبي,pharmacy,42.6594273169419,26.0605200250431,POLYGON
1367163489,ways_poly,,,,,,,,,,,,,,مجمع دار الصحه الطبي العام,hospital,43.4907750460005,25.8963642227367,POLYGON
966848923,ways_poly,,,,,,,,,,,,,,مستشفى القوارة العام,hospital,43.4802983955103,26.7513879807327,POLYGON
704710435,ways_poly,,,,military,,,,الحرس الوطني,,,,,,مركز الرعاية الصحية الأولية للحرس الوطني,hospital,43.7810028624902,26.3514833388574,POLYGON
1304867545,ways_poly,,,,,,,,,,,,,,صيدلية النهدي,pharmacy,46.6887693336402,24.773902403961,POLYGON
851106044,ways_poly,,,,,,,,,,,,,,,hospital,44.7398779736121,20.4552581650866,POLYGON
846678710,ways_poly,,,,,,,24/7,,,,,,,صيدلية ليمون,pharmacy,46.5793494546458,24.7455617782842,POLYGON
38548469,ways_poly,,,,,,,,,,,,,,مستشفى الملك خالد التخصصي للعيون,hospital,46.6373320428886,24.6941696670264,POLYGON
333381672,ways_poly,,,,,,,,,,,,,,Al Quwayiyah Hospital,hospital,45.3208128072842,24.0829086334752,POLYGON
331324750,ways_poly,,,,,,,,,,,,,,,hospital,46.5844067578849,24.9303180860009,POLYGON
767760984,ways_poly,,,,,,,,,,,,,,مستشفى حوطة سدير الجديد,hospital,45.6577930301805,25.5963741183017,POLYGON
333410002,ways_poly,,,,,,,,,,,,,,King Abdullah Hospital,hospital,45.5121164800536,23.5413632434894,POLYGON
284371406,ways_poly,,,,,,,,,,,,,,مستشفى ثادق العام,hospital,45.8656122117344,25.2728896385815,POLYGON
336162187,ways_poly,,,,,,,,,,,,,,مستشفى الملك خالد,hospital,47.3013978148433,24.1412788632172,POLYGON
133795299,ways_poly,,,,,,,,,,,,,,وحدة العناية المركزة - مستشفى الملك خالد الجامعي,hospital,46.6227181198261,24.7140519525746,POLYGON
332292458,ways_poly,,,,,,,,,,,,,,مستشفى عرقة,hospital,46.5847139785193,24.6927085143132,POLYGON
53348078,ways_poly,,,,,,,,,,,,,,رعاية الرياض,hospital,46.7801822893613,24.7009723318879,POLYGON
675656214,ways_poly,,,,,,,,,,,,,,صيدلية الدواء,pharmacy,46.5747477880398,24.6533563544677,POLYGON
53447208,ways_poly,,,,,,,,,,,,,,مستشفى الملك فيصل التخصصي,hospital,46.6744322058738,24.6717231910583,POLYGON
951769196,ways_poly,,,,,,,,,,,,,,,clinic,46.7441907548571,24.7704950421658,POLYGON
223398037,ways_poly,,,,,,,,,,,,,,مدينة الملك سعود الطبية,hospital,46.6903805353554,24.6280906461105,POLYGON
1307049345,ways_poly,,,,,,,,,,,,,,مستشفى الملك عبدالعزيز الجامعي,hospital,46.7190779179715,24.6609480673241,POLYGON
336162186,ways_poly,,,,,,,,,,,,,,,hospital,47.2849894070135,24.1222177340547,POLYGON
661218225,ways_poly,,,,,,,,,,,,,,مركز الرعاية الصحية الأولية حي العريجاء الأوسط,hospital,46.628078302839,24.6021572985393,POLYGON
154558588,ways_poly,,,,,,,,,,,,,,,hospital,46.7358129650201,24.6786386292705,POLYGON
668833031,ways_poly,,,,,,,,,,,,,,مجمع عيادات د.حبيبة لطب الأسنان,dentist,46.6154037668414,24.6011337057009,POLYGON
711134208,ways_poly,,,,,,,,,,,,,,مستشفى الملك فيصل التخصصي الجناح الشرقي,hospital,46.6811426582964,24.6706364009376,POLYGON
1303038587,ways_poly,,,,,,,,,,,,,,مجمع عيادات الممتاز الطبي,clinic,46.7442442839129,24.672882521705,POLYGON
1457822424,ways_poly,,,,,,,,,,,,,,مستشفى آمــاد,hospital,46.6390141396023,24.8563114538334,POLYGON
1418041287,ways_poly,,,,,,,,,,,,,,D.U.H,hospital,46.6226227323604,24.7148247213705,POLYGON
300797779,ways_poly,,,,,,,,,,,,,,KACSU's Clinic,hospital,46.6389592191924,24.7180306509749,POLYGON
636404880,ways_poly,,,,,,,,,,,,,,,clinic,46.7483155745673,24.7377718060006,POLYGON
